TLA NAME,CRASH ROAD,CRASH DIST,CRASH DIRN,INTSN,SIDE ROAD,CRASH ID,CRASH DATE,CRASH DOW,CRASH TIME,MVMT,VEHICLES,CAUSES,OBJECTS STRUCK,ROAD CURVE,ROAD WET,LIGHT,WTHRa,JUNC TYPE,TRAF CTRL,ROAD MARK,SPD LIM,CRASH FATAL CNT,CRASH SEV CNT,CRASH MIN CNT,PERS AGE1,PERS AGE2,EASTING,NORTHING,latitude,longitude
Wellington City,ADELAIDE ROAD,70,S, ,SH 1N,201530046,17/01/15,Sat,1007,LB,CN1C,303B 375B 924 ,,R,D,O ,F ,D,N,P,50,0,0,0,,,1748988,5426216,-41.30176359,174.7796295
Wellington City,AOTEA QUAY,100,S, ,SH 1N,201531775,21/01/15,Wed,1630,JA,CN1C,302B 302 927 ,,R,D,B ,F ,D,G,C,70,0,0,0,,,1749559,5430088,-41.26679676,174.785496
Wellington City,AOTEA QUAY,500,S, ,SH 1N,201510847,22/02/15,Sun,605,MC,MS14,372B ,,R,D,DO,F , , ,L,70,0,1,0,,,1749631,5429714,-41.27015071,174.786447
Wellington City,ASHTON FITCHETT DRIVE,90,N, ,WATERHOUSE DRIVE,201530064,14/01/15,Wed,1610,CB,CN1,130A 500A ,P,R,D,B ,F , ,N,N,50,0,0,0,,,1746804,5425906,-41.30495498,174.7536287
Wellington City,BASSETT ROAD,, ,I,IRONSIDE ROAD,201530077,25/01/15,Sun,1038,JC,CS1C,302B 375B ,,M,D,B ,F ,T,G,C,50,0,0,0,,,1751500,5435219,-41.22023887,174.8073838
Wellington City,BEAUCHAMP ST,20,S, ,LINDEN AVENUE,201531180,22/02/15,Sun,1500,CC,CN1,112A 357A ,FT,R,D,B ,F ,X,G,N,50,0,0,0,,,1753678,5442156,-41.15737211,174.8316125
Wellington City,BOULCOTT SLIP,, ,I,THE TERRACE,201532023,4/02/15,Wed,1300,AC,PS1C,372A ,,E,D,B ,F ,T,N,C,50,0,0,0,,,1748544,5428065,-41.28519806,174.7738773
Wellington City,BOULCOTT ST,, ,I,WILLIS ST,201532036,9/02/15,Mon,803,GF,TS1C,172A ,,S,D,B ,F ,X,T,C,50,0,0,0,,,1748603,5427623,-41.28916673,174.7746894
Wellington City,BOWEN ST,, ,I,LAMBTON QUAY,201531910,23/01/15,Fri,1240,HA,CW1C,322A ,,E, , F,  ,X,T,N,50,0,0,0,,,1748819,5428688,-41.27953827,174.7770076
Wellington City,BRITOMART ST,, ,I,STANLEY ST,201532021,1/02/15,Sun,1420,LB,CE1C,303B ,,R,D,O ,F ,X,G,C,50,0,0,0,,,1748362,5424136,-41.32060607,174.7726629
Wellington City,BUNNY ST,25,S, ,ACCESS ROAD N,201510401,16/02/15,Mon,1610,NA,CS1E,713B ,,R,D,B ,F ,T,N,R,50,0,0,1,,,1749047,5428647,-41.27986536,174.7797388
Wellington City,CABLE ST,, ,I,BARNETT ST,201530058,1/01/15,Thu,1429,GB,CE1C,172B 330B ,,R,D,B ,F ,T,N,N,50,0,0,0,,,1749268,5427348,-41.29151999,174.7826949
Wellington City,CABLE ST,15,E, ,CHAFFERS ST,201532035,7/02/15,Sat,750,CA,CE1C,103A 130A ,M,R,D,B ,F , , ,C,50,0,0,0,,,1749367,5427301,-41.29192484,174.7838882
Wellington City,CECIL ROAD,40,W, ,RANGIMARIE WAY,201530056,4/01/15,Sun,1139,BB,CE1C,123A 197A ,,M,D,B ,F , ,N,C,50,0,0,0,,,1748123,5430311,-41.26505353,174.7683061
Wellington City,CHAYTOR ST,100,E, ,KARORI ROAD,201531768,1/02/15,Sun,1855,DA,CE1,131A 801 ,F,M,W,O ,L , , ,C,50,0,0,0,,,1746722,5428517,-41.2814616,174.7520203
Wellington City,CHILDERS TERRACE,15,S, ,CRAWFORD ROAD,201510524,25/01/15,Sun,1426,NB,CS1E,713B ,,E,D,B ,F , , ,X,50,0,0,1,12,,1750109,5424417,-41.31775283,174.7934573
Wellington City,CORTINA AVENUE,30,N, ,BRODERICK ROAD,201531122,21/01/15,Wed,1800,EA,CS1C,386A ,M,R,D,B ,F , ,N,C,50,0,0,0,,,1750752,5434839,-41.22379987,174.7985582
Wellington City,COUTTS ST,10,W, ,TE WHITI ST,201531836,3/02/15,Tue,1936,EA,CE1CCC,130A 359A ,M,R,D,B ,F ,T,G,C,50,0,0,0,,,1750642,5424047,-41.32098466,174.7999141
Wellington City,DIXON ST,50,E, ,WILLIS ST,201531908,6/01/15,Tue,1400,EA,CW14,129A ,M,R,D,BF,F , ,N,C,50,0,0,0,,,1748566,5427419,-41.29101025,174.7742975
Wellington City,DIXON ST,5,N, ,WILLIS ST,201530449,28/01/15,Wed,1500,EA,CN1V,386A ,M,R,D,B ,F ,X,G,C,50,0,0,0,,,1748515,5427441,-41.29082156,174.7736833
Wellington City,ELLICE ST,, ,I,HANIA ST,201510412,22/01/15,Thu,830,KC,SW1M,302A 315A ,,R,D,B ,F ,X,G,R,50,0,1,0,,25,1749170,5426423,-41.29986626,174.7817517
Wellington City,ERLESTOKE CRESCENT,50,S, ,WAVERTON TERRACE,201530059,5/01/15,Mon,743,QD,CN1CC,330A 611A ,,R,D,B ,F , ,N,N,50,0,0,0,,,1750832,5437239,-41.20217667,174.7989199
Wellington City,FURLONG CRESCENT,40,S, ,HUXLEY GROVE,201531757,29/01/15,Thu,1330,CA,CS1C,130A 354A ,M,R,D,B ,F , , ,C,50,0,0,0,,,1751019,5436232,-41.21120829,174.8013979
Wellington City,GARRETT ST,50,W, ,CUBA ST,201531838,7/02/15,Sat,629,MO,CW1C,512A 514A ,,R,D,DO,F , , ,N,50,0,0,0,,,1748608,5427127,-41.29363153,174.7748702
Wellington City,GRAFTON ROAD,120,S, ,PALLISER ROAD,201530768,30/01/15,Fri,1850,BC,CS1C,121A 111B 137B ,C,E,D,B ,F , ,N,C,50,0,0,0,,,1750778,5427031,-41.29409341,174.8007987
Wellington City,HANSON ST,100,N, ,HALL ST,201539770,11/02/15,Wed,700,EA,CN14,129A 386A ,M,R,D,DO,F , ,N,C,50,0,0,0,,,1748672,5425367,-41.30946578,174.7760642
Wellington City,HANSON ST,100,N, ,HALL ST,201530770,11/02/15,Wed,700,EA,CN14,129A 386A ,M,R,D,B ,F , ,N,C,50,0,0,0,,,1748672,5425367,-41.30946578,174.7760642
Wellington City,HARRIETT ST,, ,I,TINAKORI ON NBD,201530061,5/01/15,Mon,1221,CA,ME1,330A 341A ,,R,D,B ,F ,T,N,N,50,0,0,0,,,1748452,5429090,-41.27598642,174.7725294
Wellington City,HAWKESTONE ST,20,E, ,PORTLAND CRESCENT,201530039,12/01/15,Mon,711,EE,CW1C,330B 374B ,M,R,D,B ,F , ,N,N,50,0,0,0,,,1748815,5429196,-41.27496525,174.7768357
Wellington City,HUTT ROAD,200,S, ,JARDEN MILE,201510125,20/01/15,Tue,652,FA,CN14,331A 352A ,,R,D,B ,F , ,N,P,80,0,0,2,,,1751780,5432067,-41.248565,174.8115061
Wellington City,HUTT ROAD,10,S, ,KAIWHARAWHARA ROAD,201510407,12/01/15,Mon,1742,JO,SS1C,204A 308B 375B 927 ,,R,D,B ,F ,D,N,C,50,0,1,0,,24,1749923,5430807,-41.26025584,174.7896627
Wellington City,HUTT ROAD,350,N, ,SAR ST,201510709,10/02/15,Tue,1719,LB,SN1V,314B 377B 927 ,,R,D,B ,F ,D, ,P,50,0,0,1,,35,1749497,5430368,-41.26428727,174.7846875
Wellington City,HUTT ROAD,20,N, ,SCHOOL ROAD,201510136,30/01/15,Fri,1745,FE,SN1C,181A 191B ,,R,D,B ,F ,T,T,C,50,0,0,1,,51,1749907,5430789,-41.26042087,174.7894763
Wellington City,JOHN ST,, ,I,ADELAIDE ROAD,201532032,15/01/15,Thu,2001,GF,CE1X,129A ,,R,D,B ,F ,X,T,C,50,0,0,0,,,1748832,5425608,-41.30726645,174.7779157
Wellington City,KARORI ROAD,200,N, ,ALLINGTON ROAD,201531763,30/01/15,Fri,2325,EA,CS1C,129A ,M,E,D,DO,F , , ,C,50,0,0,0,,,1744404,5427897,-41.28746176,174.7245
Wellington City,KARORI ROAD,, ,I,DONALD ST,201530769,31/01/15,Sat,1753,FE,CW1C,181A 330A ,,E,D,B ,F ,T,T,C,50,0,0,0,,,1745859,5428309,-41.2834907,174.7417696
Wellington City,MAIDA VALE ROAD,500,N, ,EVANS BAY PARADE,201510529,3/02/15,Tue,1028,BB,CS1C,205A ,,M,D,B ,F , , ,C,50,0,0,1,,,1750938,5427550,-41.28939078,174.8025801
Wellington City,MAIN ROAD,210,N, ,REDWOOD AVENUE S,201532038,8/02/15,Sun,1341,DA,CN1,131A 358A ,C,M,D,B ,F , , ,P,50,0,0,0,,,1753005,5439571,-41.18077315,174.8242409
Wellington City,MARK AVENUE,100,W, ,GUADELOUPE CRESCENT E,201530043,22/01/15,Thu,726,EA,CW1C,129A 350A ,M,R,D,B ,F , ,N,C,50,0,0,0,,,1752772,5436682,-41.20682785,174.8221856
Wellington City,MCLELLAN ST,, ,I,DUNCAN ST,201530050,19/01/15,Mon,1206,HA,TN2C,302A 375A ,,R,D,B ,F ,R,G,R,50,0,0,0,,,1753645,5441567,-41.16268136,174.8313671
Wellington City,MIDDLETON ROAD,100,N, ,ROWELLS ROAD,201510527,29/01/15,Thu,620,DB,SS1C,198A 515B ,EFY,E,D,B ,F , , ,C,50,0,0,1,,39,1752501,5437181,-41.20238626,174.8188304
Wellington City,MOLESWORTH ST,50,N, ,MAY ST,201531834,29/01/15,Thu,1445,MO,CN1,133A 420A ,X,R,D,B ,F , , ,C,50,0,0,0,,,1748911,5429392,-41.27318287,174.7779335
Wellington City,NORTHLAND ROAD,, ,I,GARDEN ROAD W,201530053,22/01/15,Thu,1828,MG,CE1C,371B ,,R,D,B ,F ,T,G,C,50,0,0,0,,,1747185,5428305,-41.2832861,174.7575978
Wellington City,OHARIU VALLEY ROAD,, ,I,MCLINTOCK ST NORTH,201531767,31/01/15,Sat,1035,HA,CW1C,316B ,,M,D,O ,F ,T,G,C,50,0,0,0,,,1750521,5435812,-41.2150825,174.7955638
Wellington City,ONEPU ROAD,, ,I,WHA ST,201530045,24/01/15,Sat,1805,JA,CN1CC,302B 375B ,M,R,D,B ,F ,T,G,C,50,0,0,0,,,1750249,5423522,-41.32578472,174.7953504
Wellington City,ORIENTAL PARADE,270,E, ,HERD ST,201530944,14/02/15,Sat,1145,MO,CW1S,204B 330B 927 ,,R,D,O ,F ,D,N,C,50,0,0,0,,,1749850,5427366,-41.2912501,174.789638
Wellington City,PHILLIP ST,20,S, ,FRANKMOORE AVENUE,201530063,13/01/15,Tue,1225,MG,CN1C,371B 381B ,,R,D,B ,F , ,N,N,50,0,0,0,,,1751038,5435051,-41.2218378,174.8019163
Wellington City,PHILLIP ST,, ,I,FRANKMOORE AVENUE,201531121,25/02/15,Wed,1530,LB,CN1V,302A 375A ,,R,D,B ,F ,T,G,C,50,0,0,0,,,1751042,5435070,-41.22166599,174.8019593
Wellington City,PIRIE ST,50,E, ,AUSTIN ST,201530777,16/02/15,Mon,1615,EC,VE1C,374B ,Q,R,D,O ,F , ,N,C,50,0,0,0,,,1749663,5426525,-41.29885663,174.7876125
Wellington City,RIDDIFORD ST,15,S, ,RINTOUL ST,201532016,9/02/15,Mon,845,AC,CN1T,372A ,,R,D,B ,F , , ,C,50,0,0,0,,,1748931,5425108,-41.31174988,174.7792202
Wellington City,ROMNEY SQUARE,100,W, ,ROY ST,201530054,16/01/15,Fri,1144,AO,CW1T,150A 381A ,,M,D,B ,F , ,N,N,50,0,0,0,,,1752795,5440721,-41.17045886,174.8214514
Wellington City,RUSKIN ROAD,100,N, ,ALWYN PLACE,201531636,31/01/15,Sat,1000,MO,CN1V,371A 929 ,M,E,D,O ,F ,D, ,C,50,0,0,0,,,1752296,5434596,-41.22569854,174.8170307
Wellington City,SALEK ST,, ,I,COUTTS ST,201531761,3/02/15,Tue,1112,FB,VS1C,181A ,,R,D,B ,F ,T,G,P,50,0,0,0,,,1750737,5424021,-41.32120099,174.8010551
Wellington City,SHELLY BAY ROAD,1000,N, ,MIRAMAR AVENUE,201530099,27/01/15,Tue,1230,DB,CS1,131A 386A ,S,E,D,B ,F , ,N,C,80,0,0,0,,,1751915,5425681,-41.30603459,174.8147088
Wellington City,STAFFORD ST,50,E, ,PORT ST,201530447,27/01/15,Tue,,EA,CW1C,386A ,M,R,D,B ,F , ,N,N,50,0,0,0,,,1749853,5426933,-41.295148,174.7897804
Wellington City,SUTHERLAND ROAD,60,N, ,HORNSEY ROAD,201510402,21/01/15,Wed,1720,BB,CN1C,101A 111A 123A ,CTC,M,D,B ,F , ,N,N,50,0,0,1,,,1749732,5423776,-41.32359405,174.789113
Wellington City,TAKAPU ROAD,, ,I,WILLIAM EARP PLACE,201531770,4/02/15,Wed,2017,DC,CW1,131A ,IT,E,D,TO,FS,R,G,R,50,0,0,0,,,1753461,5439046,-41.18541368,174.8298067
Wellington City,TARANAKI ST,20,S, ,ABEL SMITH ST,201510126,8/01/15,Thu,1313,JA,CS1C,308B 375B 922 ,,R,D,B ,F ,D,N,P,50,0,0,1,,,1748713,5426736,-41.29713253,174.7762191
Wellington City,TAUHINU ROAD,, ,I,MIRAMAR AVENUE,201530055,10/01/15,Sat,1840,FB,CW1C,111A 181A 191B ,,E,D,B ,F ,R,G,C,50,0,0,0,,,1751783,5424677,-41.31509868,174.8133833
Wellington City,TINAKORI ROAD,25,N, ,ASCOT ST,201530748,13/02/15,Fri,1705,KB,CN1C,308B 375B 927 ,,R,D,B ,F ,D,N,C,30,0,0,0,,,1748236,5428855,-41.27814191,174.7700087
Wellington City,TINAKORI ROAD,30,N, ,HILL ST,201530060,5/01/15,Mon,1110,EA,CN1C,129A 504A ,M,R,D,B ,F , ,N,C,50,0,0,0,,,1748389,5429022,-41.27661023,174.771794
Wellington City,TINAKORI ROAD,, ,I,ST MARY ST,201530038,12/01/15,Mon,740,LB,4N1C,303B 375B ,,R,D,B ,F ,T,N,C,50,0,0,0,,,1748142,5428750,-41.27910453,174.7689123
Wellington City,TORY ST,10,S, ,COURTENAY PLACE,201530075,25/01/15,Sun,1215,MO,VN1C,371A 927 ,,E,D,B ,F ,D,N,N,50,0,0,0,,,1749132,5427129,-41.29351687,174.7811251
Wellington City,WAKEFIELD ST,, ,I,BLAIR ST,201510707,4/02/15,Wed,1735,NA,SW1E,717B 718B ,,R,D,B ,F ,T,T,X,50,0,0,2,,39,1749336,5427217,-41.29268686,174.7835388
Wellington City,WALLACE ST,40,S, ,ROLLESTON ST,201530750,6/02/15,Fri,1857,FA,CS1C,103A 351A ,,E,D,B ,F , ,N,R,50,0,0,0,,,1748569,5426100,-41.30288524,174.7746553
Wellington City,WATERLOO QUAY,80,N, ,HINEMOA ST W,201530745,13/02/15,Fri,1523,AC,TN1C,372A 671A ,,R,D,O ,F , ,N,C,80,0,0,0,,,1749459,5429057,-41.27609781,174.7845556
Wellington City,WHITMORE ST,, ,I,FEATHERSTON ST,201510100,13/01/15,Tue,1302,NC,4W1E,307A 376A ,,R,D,O ,F ,X,T,R,50,0,0,1,67,,1748924,5428522,-41.28101349,174.7783013
Wellington City,WILLESTON ST,, ,I,VICTORIA ST,201530062,15/01/15,Thu,841,MG,CW1V,330B 371B ,,R,D,O ,F ,T,T,C,50,0,0,0,,,1748808,5427890,-41.28672505,174.7770712
Wellington City,1N/1050/9.761,200,N, ,TAKAPU RD UPASS NBD,201510534,2/02/15,Mon,1700,DB,MN1,132A ,G,E,W,O ,F , , ,C,100,0,0,1,,,1753593,5439213,-41.18388511,174.8313379
Wellington City,1N/1068/3.034,200,S, ,AOTEA QUAY,201530014,17/01/15,Sat,1330,QG,CN1C,682A ,,R,D,O ,L , ,N,C,100,0,0,0,,,1749461,5430131,-41.26642775,174.784316
Wellington City,1N/1068/3.323,300,N, ,MURPHY OFF SBD,201530778,12/02/15,Thu,1146,QD,TS1C,682A ,,R,D,B ,F , ,N,C,100,0,0,0,,,1749285,5429903,-41.26851308,174.7822717
Wellington City,1N/1068/3.613,10,N, ,MURPHY OFF SBD,201510409,21/01/15,Wed,813,FD,CS1C,181A 330A ,,R,D,B ,F ,T,N,C,80,0,0,1,,,1749099,5429683,-41.27052819,174.7801059
Wellington City,1N/1068/3.676,30,S, ,HOBSON ST OBR NBD,201530238,12/02/15,Thu,1540,AC,4N1C,330A 372A ,,E,D,O ,F , , ,C,100,0,0,0,,,1749040,5429655,-41.27079117,174.7794087
Wellington City,1N/1068/4.374,100,S, ,HAWKESTONE OBR,201531754,30/01/15,Fri,1721,FD,CS1C,181A ,,R,D,B ,F , , ,N,100,0,0,0,,,1748574,5429136,-41.27554982,174.7739742
Wellington City,1N/1068/4.667,50,N, ,TERRACE OFF SBD,201510408,5/02/15,Thu,1520,FD,CS1CC,112A 331A ,,R,D,B ,F , ,N,C,80,0,0,1,,,1748523,5428852,-41.27811619,174.7734347
Wellington City,1N/1068/5.656,50,N, ,NORTH PORTAL SBD,201510711,8/02/15,Sun,1006,FD,CS1CCV,112A 331A ,,R,D,B ,F , , ,R,60,0,0,1,,,1748383,5427898,-41.28673125,174.7719962
Wellington City,1N/1075/0.3,, ,I,WILLIS ST,201530749,7/02/15,Sat,1814,FE,CS1C,181A 350A ,,E,D,B ,F ,X,T,R,50,0,0,0,,,1748371,5427107,-41.29385519,174.7720458
Wellington City,1N/1075/0.31,10,E, ,WILLIS ST,201531911,4/01/15,Sun,1950,FE,CE14,103A 331A ,,M,D,BF,F ,X,T,R,50,0,0,0,,,1748380,5427102,-41.29389856,174.7721544
Wellington City,1N/1075/0.454,, ,I,WILLIS ST,201510124,10/01/15,Sat,725,HA,CW1C,322B 334B ,,R,D,B ,F ,X,T,C,50,0,0,2,,,1748300,5426947,-41.2953088,174.7712372
Wellington City,1N/1076/2.059,15,W, ,HAMILTON ROAD,201532015,11/02/15,Wed,540,AC,4E1C,372A ,,R,D,TO,F , , ,C,50,0,0,0,,,1750108,5425050,-41.31205391,174.7932891
Wellington City,1N/1076/2.258,, ,I,EVANS BAY PARADE,201531819,15/02/15,Sun,1920,FE,CE14,331A 350A ,,R,D,O ,F ,X,T,C,50,0,0,0,,,1750302,5425012,-41.31235991,174.7956151
Wellington City,2/962/15.167,1800,N, ,SH 1N,201530746,12/02/15,Thu,1645,FD,VS1CCC,110A 181A ,,R,D,B ,F , ,N,R,100,0,0,0,,,1753190,5433123,-41.2387916,174.8280613